"ALLISON","ALPHONSO","1","luther.bowser@seeley.net"
"ARIAS","ANTONIO","2","h.thurston@hotmail.com"
"BITSUIE","APRIL","3","mercedes@dayrep.net"
"BLUM","ALEX","4","pkonopacki110@outlook.com"
"COPELAND","ANKE","5","l.beasley@hotmail.com"
"CURRIE","ANDRES","6","guy@nord.net"
"DUPREE","BRET","7","k.colaizzo@sizzling.com"
"WILKINS","BELLA","8","bkerr195@sizzling.com"
"CORRIO","BEN","9","fbruce444@gmail.com"
"DORAN","BETTY","10","dtabor280@gmail.com"
"HARPER","BAHIYA","11","b.patak@gmail.com"
"HAY","BOBBY","12","tlassiter478@gmail.com"
"BERMUDEZ","CHARLIE","13","vicenta@gmail.com"
"SIMS","CHERI","14","m.pritchett@milkwoodproductions.com"
"BUSBY","CHRISSY","15","rodolfo.rubin@hotmail.com"
"MASON","CINDA","16","j.herman@keef.com"
"KERR","CANDY","17","becky.lipke@milkwoodproductions.com"
"SHAFFER","CLAIRE","18","e.smullen@gmail.com"
"GUILLORY","CLAUD","19","tanesha.montoya@nord.net"
"SWIFT","CLAY","20","a.beaulieu@hotmail.com"
"MILES","CLAYTON","21","edwardo.yum@gmail.com"
"CHAN","BENJAMIN","22","shandra@gmail.com"
"DUPREE","BUD","23","jquiroz114@ew.net"
"ROBLES","BENNIE","24","k.nieto@hotmail.com"
"KEITH","BERENICE","25","e.bennett@gmail.com"
"Суходлец","Максимка","26","maxim06122000@mail.ru"
"Userok","Userok","27","User@mail.ru"
"user","user","28","us@mail.ru"
